Index,Payment Address,Derivation,Label
0,bc1_ADDRESS_EXAMPLE_0,m/84'/0'/2'/0/0,
1,bc1_ADDRESS_EXAMPLE_1,m/84'/0'/2'/0/1,
2,bc1_ADDRESS_EXAMPLE_2,m/84'/0'/2'/0/2,
3,bc1_ADDRESS_EXAMPLE_3,m/84'/0'/2'/0/3,
4,bc1_ADDRESS_EXAMPLE_4,m/84'/0'/2'/0/4,
5,bc1_ADDRESS_EXAMPLE_5,m/84'/0'/2'/0/5,
6,bc1_ADDRESS_EXAMPLE_6,m/84'/0'/2'/0/6,
7,bc1_ADDRESS_EXAMPLE_7,m/84'/0'/2'/0/7,
8,bc1_ADDRESS_EXAMPLE_8,m/84'/0'/2'/0/8,
9,bc1_ADDRESS_EXAMPLE_9,m/84'/0'/2'/0/9,
10,bc1_ADDRESS_EXAMPLE_10,m/84'/0'/2'/0/10,
11,bc1_ADDRESS_EXAMPLE_11,m/84'/0'/2'/0/11,
12,bc1_ADDRESS_EXAMPLE_12,m/84'/0'/2'/0/12,
13,bc1_ADDRESS_EXAMPLE_13,m/84'/0'/2'/0/13,
14,bc1_ADDRESS_EXAMPLE_14,m/84'/0'/2'/0/14,
15,bc1_ADDRESS_EXAMPLE_015,m/84'/0'/2'/0/15